﻿--
-- Script was generated by Devart dbForge Studio for MySQL, Version 8.0.40.0
-- Product home page: http://www.devart.com/dbforge/mysql/studio
-- Script date 25/04/2022 13:51:21
-- Server version: 5.5.5-10.1.40-MariaDB
-- Client version: 4.1
--

-- 
-- Disable foreign keys
-- 
/*!40014 SET @OLD_FOREIGN_KEY_CHECKS=@@FOREIGN_KEY_CHECKS, FOREIGN_KEY_CHECKS=0 */;

-- 
-- Set SQL mode
-- 
/*!40101 SET @OLD_SQL_MODE=@@SQL_MODE, SQL_MODE='NO_AUTO_VALUE_ON_ZERO' */;

-- 
-- Set character set the client will use to send SQL statements to the server
--
SET NAMES 'utf8';

DROP DATABASE IF EXISTS proyecto_ezequiel;

CREATE DATABASE proyecto_ezequiel
CHARACTER SET latin1
COLLATE latin1_swedish_ci;

--
-- Set default database
--
USE proyecto_ezequiel;

--
-- Create table `users`
--
CREATE TABLE users (
  id int(10) NOT NULL AUTO_INCREMENT,
  username varchar(50) NOT NULL,
  password varchar(250) NOT NULL,
  email varchar(80) NOT NULL,
  authKey varchar(250) NOT NULL,
  accessToken varchar(250) NOT NULL,
  estado tinyint(1) NOT NULL DEFAULT 0,
  verificationCode varchar(250) NOT NULL DEFAULT '',
  PRIMARY KEY (id)
)
ENGINE = INNODB,
AUTO_INCREMENT = 5,
AVG_ROW_LENGTH = 5461,
CHARACTER SET latin1,
COLLATE latin1_swedish_ci;

--
-- Create table `proyectos`
--
CREATE TABLE proyectos (
  id int(10) NOT NULL AUTO_INCREMENT,
  titulo_proyecto varchar(20) NOT NULL,
  fecha_inicio date NOT NULL,
  fecha_fin date DEFAULT NULL,
  plazo_entrega date DEFAULT NULL,
  id_user int(10) NOT NULL,
  tipo varchar(20) NOT NULL,
  estado tinyint(1) NOT NULL DEFAULT 1,
  PRIMARY KEY (id)
)
ENGINE = INNODB,
AUTO_INCREMENT = 5,
AVG_ROW_LENGTH = 4096,
CHARACTER SET latin1,
COLLATE latin1_swedish_ci;

--
-- Create foreign key
--
ALTER TABLE proyectos
ADD CONSTRAINT fk_proyectos_usuarios FOREIGN KEY (id_user)
REFERENCES users (id);

--
-- Create table `hitos`
--
CREATE TABLE hitos (
  id int(10) NOT NULL AUTO_INCREMENT,
  nombre_descriptivo varchar(20) DEFAULT NULL,
  fecha_limite date DEFAULT NULL,
  id_proyecto int(10) NOT NULL,
  PRIMARY KEY (id)
)
ENGINE = INNODB,
AUTO_INCREMENT = 13,
AVG_ROW_LENGTH = 1365,
CHARACTER SET latin1,
COLLATE latin1_swedish_ci;

--
-- Create foreign key
--
ALTER TABLE hitos
ADD CONSTRAINT fk_hitos_proyectos FOREIGN KEY (id_proyecto)
REFERENCES proyectos (id);

--
-- Create table `objetivos`
--
CREATE TABLE objetivos (
  id int(10) NOT NULL AUTO_INCREMENT,
  titulo varchar(20) NOT NULL,
  descripcion varchar(300) DEFAULT NULL,
  PRIMARY KEY (id)
)
ENGINE = INNODB,
AUTO_INCREMENT = 31,
AVG_ROW_LENGTH = 546,
CHARACTER SET latin1,
COLLATE latin1_swedish_ci;

--
-- Create table `tareas`
--
CREATE TABLE tareas (
  id int(10) NOT NULL AUTO_INCREMENT,
  nombre varchar(20) NOT NULL,
  descripcion varchar(300) DEFAULT NULL,
  completada tinyint(1) NOT NULL,
  id_objetivo int(10) NOT NULL,
  PRIMARY KEY (id)
)
ENGINE = INNODB,
AUTO_INCREMENT = 51,
AVG_ROW_LENGTH = 327,
CHARACTER SET latin1,
COLLATE latin1_swedish_ci;

--
-- Create foreign key
--
ALTER TABLE tareas
ADD CONSTRAINT fk_tareas_objetivos FOREIGN KEY (id_objetivo)
REFERENCES objetivos (id);

--
-- Create table `sesiones`
--
CREATE TABLE sesiones (
  id int(10) NOT NULL AUTO_INCREMENT,
  duracion time DEFAULT NULL,
  hora_inicio datetime NOT NULL,
  hora_fin datetime DEFAULT NULL,
  resumen_trabajo varchar(300) DEFAULT NULL,
  id_tarea int(10) NOT NULL,
  PRIMARY KEY (id)
)
ENGINE = INNODB,
AUTO_INCREMENT = 51,
AVG_ROW_LENGTH = 327,
CHARACTER SET latin1,
COLLATE latin1_swedish_ci;

--
-- Create foreign key
--
ALTER TABLE sesiones
ADD CONSTRAINT fk_sesiones_tareas FOREIGN KEY (id_tarea)
REFERENCES tareas (id);

--
-- Create table `recordatorios`
--
CREATE TABLE recordatorios (
  id int(10) NOT NULL AUTO_INCREMENT,
  fecha date NOT NULL,
  hora time NOT NULL,
  mensaje varchar(300) NOT NULL,
  id_tarea int(10) DEFAULT NULL,
  PRIMARY KEY (id)
)
ENGINE = INNODB,
AUTO_INCREMENT = 51,
AVG_ROW_LENGTH = 327,
CHARACTER SET latin1,
COLLATE latin1_swedish_ci;

--
-- Create foreign key
--
ALTER TABLE recordatorios
ADD CONSTRAINT fk_recordatorios_tareas FOREIGN KEY (id_tarea)
REFERENCES tareas (id);

--
-- Create table `instrucciones`
--
CREATE TABLE instrucciones (
  id int(10) NOT NULL AUTO_INCREMENT,
  id_tarea int(10) NOT NULL,
  paso varchar(300) NOT NULL,
  PRIMARY KEY (id)
)
ENGINE = INNODB,
AUTO_INCREMENT = 31,
AVG_ROW_LENGTH = 546,
CHARACTER SET latin1,
COLLATE latin1_swedish_ci;

--
-- Create index `uk_tarea_paso` on table `instrucciones`
--
ALTER TABLE instrucciones
ADD UNIQUE INDEX uk_tarea_paso (id_tarea, paso);

--
-- Create foreign key
--
ALTER TABLE instrucciones
ADD CONSTRAINT fk_instrucciones_tareas FOREIGN KEY (id_tarea)
REFERENCES tareas (id);

--
-- Create table `productos_a_obtener`
--
CREATE TABLE productos_a_obtener (
  id int(10) NOT NULL AUTO_INCREMENT,
  id_objetivo int(10) NOT NULL,
  resultado varchar(300) NOT NULL,
  PRIMARY KEY (id)
)
ENGINE = INNODB,
AUTO_INCREMENT = 31,
AVG_ROW_LENGTH = 546,
CHARACTER SET latin1,
COLLATE latin1_swedish_ci;

--
-- Create index `uk_objetivo_resultado` on table `productos_a_obtener`
--
ALTER TABLE productos_a_obtener
ADD UNIQUE INDEX uk_objetivo_resultado (id_objetivo, resultado);

--
-- Create foreign key
--
ALTER TABLE productos_a_obtener
ADD CONSTRAINT fk_pao_objetivos FOREIGN KEY (id_objetivo)
REFERENCES objetivos (id);

--
-- Create table `objetivos_en_hitos`
--
CREATE TABLE objetivos_en_hitos (
  id int(10) NOT NULL AUTO_INCREMENT,
  id_objetivo int(10) NOT NULL,
  id_hito int(10) NOT NULL,
  PRIMARY KEY (id)
)
ENGINE = INNODB,
AUTO_INCREMENT = 31,
AVG_ROW_LENGTH = 546,
CHARACTER SET latin1,
COLLATE latin1_swedish_ci;

--
-- Create index `uk_objetivo_hito` on table `objetivos_en_hitos`
--
ALTER TABLE objetivos_en_hitos
ADD UNIQUE INDEX uk_objetivo_hito (id_objetivo, id_hito);

--
-- Create foreign key
--
ALTER TABLE objetivos_en_hitos
ADD CONSTRAINT fk_oeh_hitos FOREIGN KEY (id_hito)
REFERENCES hitos (id);

--
-- Create foreign key
--
ALTER TABLE objetivos_en_hitos
ADD CONSTRAINT fk_oeh_objetivos FOREIGN KEY (id_objetivo)
REFERENCES objetivos (id);

-- 
-- Dumping data for table users
--
INSERT INTO users VALUES
(1, 'Peggy2017', 'z7dIRzDFe1pw2', '', '', '', 1, ''),
(2, 'Hosea2018', 'z7dIRzDFe1pw2', '', '', '', 1, ''),
(3, 'zther', 'z7dIRzDFe1pw2', '', '', '', 1, ''),
(4, 'test', 'z7dIRzDFe1pw2', '', '', '', 1, ''),
(5, 'demo', 'z7/npC0SqQ7wI', '', '', '', 1, '');
-- 
-- Dumping data for table proyectos
--
INSERT INTO proyectos VALUES
(1, 'Bifindon', '2022-04-10', NULL, NULL, 1, 'Investigación', 0),
(2, 'Cleanplottepphone', '2022-04-05', NULL, '2022-05-05', 1, 'Trabajo', 1),
(3, 'Cabtectimentor', '2022-04-10', NULL, NULL, 2, '', 1),
(4, 'Cartwoofra', '2022-04-19', NULL, '2022-05-21', 2, 'Personal', 1);

-- 
-- Dumping data for table objetivos
--
INSERT INTO objetivos VALUES
(1, 'Molestias.\r\n', 'Ea vero eius omnis. Tenetur adipisci dolorem magnam iste officia. Et perspiciatis quisquam placeat voluptas et fugit ea ipsa. Aut sunt omnis; voluptates est aut. Harum voluptates saepe. Quasi fugit maiores.'),
(2, '', 'Voluptatem est aperiam. Qui ad nihil! Laborum quo qui; dignissimos fugit magni.\r\nExcepturi officia quam. In sunt impedit. Magnam aut cupiditate; ea placeat molestiae. Fugit itaque quis. Vel exercitationem magni!'),
(3, 'Est nesciunt;', 'Natus minus nobis.\r\nNesciunt unde hic. Animi odit consequatur! Sed cupiditate commodi? Sit dolor aut. Voluptatibus ut eius? Reiciendis et qui. Rerum consequuntur dolorem! Ea alias omnis. Rerum natus nostrum.\r\n'),
(4, 'Voluptatem.\r\n', 'Aut commodi dolorem; ut est ad. Ab animi non. Esse reprehenderit quis; nemo sunt in.\r\nQuibusdam voluptatem earum. Fuga et accusamus; quo omnis accusamus. Ex id laborum. Officia voluptatibus voluptatem.'),
(5, 'Dignissimos.\r\n', 'Consequatur quo enim. Aut iste dolorem! Voluptas dolores unde. Ea vel sit.\r\nSed et pariatur. Libero corporis similique. Sed ipsa doloribus. Voluptatem ut ex? Est sit minus. Rerum error ipsam?'),
(6, '', 'Distinctio architecto dicta eveniet et natus voluptatem eaque. Consequuntur libero aut. Ut et facilis. Fugiat laudantium eligendi!\r\nVero modi libero. Voluptate vitae nihil. Nemo praesentium incidunt. Qui voluptatem error. Nulla et sed.'),
(7, 'Blanditiis.\r\n', 'Sed ratione quam. Voluptas rem delectus! Vitae illum tenetur.\r\nNon voluptas sunt. Est iusto maxime! Ea adipisci natus. Omnis deserunt magni! Commodi placeat rerum. Deleniti animi voluptates! Dolore expedita molestiae.\r\n'),
(8, 'Delectus;\r\n', 'Quidem aspernatur voluptatem eius omnis. Quaerat explicabo eaque vero omnis accusantium accusamus soluta. Aspernatur error optio. Placeat eveniet sed. Voluptatem consectetur id; ut rerum fugit. Ut et consequatur!\r\nAliquid ea corrupti...'),
(9, 'Sed.\r\n', NULL),
(10, 'Consequatur.', ''),
(11, 'Necessitatibus;\r\n', 'Cumque temporibus dolorem sed consequuntur.\r\nUllam tempore voluptatem doloremque molestias consequatur itaque dignissimos. Qui consequatur aspernatur; eius veritatis unde; magni adipisci culpa? Commodi atque est. Sapiente minus beatae.'),
(12, 'Commodi.\r\n', 'Voluptatem quia atque esse veniam minima et quam repellendus iste. Natus suscipit natus. Repudiandae aliquid maxime. Qui ipsa deleniti. Sint voluptatem minus; nobis exercitationem officiis. Est maxime et! Porro voluptatem ullam.'),
(13, '', 'Error voluptatibus ut. Natus aut quo! Ipsam dolorem ut. Quia sunt quia? Officia voluptate consequatur.\r\nEt voluptas ut. Cupiditate sint doloribus. Aut non sit; tempora vero cumque. In animi quia.'),
(14, 'Nobis nostrum.', NULL),
(15, 'Illo.\r\n', NULL),
(16, 'Natus omnis.\r\n', 'Dolor temporibus voluptatibus cumque nulla et rem, ut culpa harum.\r\nAmet eius quo. Minima vel voluptatem! Veniam natus praesentium; sit autem sed. Nihil eius qui. Similique autem qui! Repellat rerum porro.\r\nRem aspernatur distinctio.'),
(17, 'Tempora...\r\n', ''),
(18, 'At quisquam.\r\n', ''),
(19, 'Numquam.\r\n', 'Voluptatem error perspiciatis. In nihil autem. Ab omnis et. Excepturi doloremque ex! Porro eligendi harum. Dolore deserunt est. Pariatur ullam nam. Mollitia ut omnis; adipisci necessitatibus voluptatem. Incidunt alias voluptate.\r\n'),
(20, 'Est voluptas.', 'Itaque fugit omnis. Ullam veritatis odio. Quia vel veritatis. Eveniet praesentium ipsam. Aut amet consectetur.\r\nSit reprehenderit incidunt. Vel ut ab. Iste ipsam inventore. Dolore saepe explicabo. Debitis et reprehenderit.\r\n'),
(21, 'Iste;\r\n', 'Quis et voluptatem; facere iusto animi. Unde sit ducimus! Vitae maxime distinctio; odio aut modi. Error consectetur non. Quae optio sed.\r\nEt sequi et. Maiores dolores nemo; ad magni natus.\r\n'),
(22, 'Cum minus.\r\n', 'Deserunt odio in. Et eos vitae. Quibusdam iste non...\r\nQuo nam facere. Nulla placeat autem. Error rerum cum. Eligendi aspernatur eius; quae quasi repellat. Soluta sapiente sit. Qui consequatur assumenda.'),
(23, 'Harum et quod.', 'Nostrum corporis doloribus neque excepturi perspiciatis quasi non reiciendis.\r\nAut commodi et. Error numquam minus. Sed explicabo voluptatibus. Ratione sed repellendus! Nihil dolorem aut. Fugit non velit; voluptatem qui voluptas.'),
(24, 'Sapiente nobis.', 'Illo aliquam vitae. Ut fugit voluptas? Et deleniti unde. Aut culpa qui. Aut pariatur quaerat. Cupiditate magni perspiciatis. In corporis ut! Est adipisci ut? Qui aut quam. Praesentium dicta a.\r\n'),
(25, 'Quibusdam.\r\n', 'Sed a incidunt. Est et aut. Sit consequatur aliquam! Voluptates facere sed. Molestiae aut repellat. Et aliquid odit; praesentium est a.\r\nTenetur voluptas perspiciatis. Unde dolorem molestias!\r\nNatus et sed.'),
(26, 'Rem vero.\r\n', 'Est eaque adipisci aut repudiandae illum numquam excepturi. Tempora eum incidunt. Tempora id qui; omnis error necessitatibus. Illum nisi maxime obcaecati autem commodi et omnis. Minus qui maxime impedit quis voluptatem at.'),
(27, 'Voluptas.\r\n', 'Nesciunt fugiat beatae autem voluptas debitis perspiciatis nihil. Et ut excepturi et! Ea labore tenetur sed aspernatur modi hic qui numquam. Nostrum pariatur incidunt. Voluptatem sed corporis? In architecto recusandae.'),
(28, 'Sequi dicta.', 'Est quia esse. Voluptas ut eligendi. Cum repellat sit! Iste modi ab. Sunt non quia. Quas iusto ut. Minima repellendus mollitia. Voluptate totam eveniet. Enim qui ut.\r\nQuia quaerat deserunt.\r\n'),
(29, 'Sunt rerum.\r\n', 'Perspiciatis sit aut, hic rem dolor est sit non assumenda.\r\nEt inventore totam sint tenetur nulla nemo quasi unde asperiores. Iste porro debitis. Atque illum est! Sit sunt incidunt. Voluptas id eius. Ipsum fuga cum.'),
(30, 'Voluptatem.\r\n', 'Non ipsum ut. Voluptatem et minus; vitae omnis quae. Quis odio animi. Earum dolorem hic! Qui vel et; porro beatae quibusdam.\r\nOdit et aliquam. Iste dolores nisi. Ut enim unde.');

-- 
-- Dumping data for table hitos
--
INSERT INTO hitos VALUES
(1, 'Enim ullam.', NULL, 3),
(2, 'Omnis libero.', '2022-06-02', 2),
(3, 'Nobis.', '2022-06-01', 2),
(4, 'Enim maiores;\r\n', '2022-06-15', 4),
(5, 'Velit qui.\r\n', NULL, 1),
(6, 'Ut et quia.\r\n', NULL, 3),
(7, 'Autem est nemo;', NULL, 1),
(8, 'Consequatur.\r\n', NULL, 2),
(9, NULL, NULL, 2),
(10, 'Voluptatem.\r\n', NULL, 4),
(11, 'Voluptatem.\r\n', NULL, 1),
(12, 'Aut architecto;', NULL, 2);

-- 
-- Dumping data for table tareas
--
INSERT INTO tareas VALUES
(1, 'sixth', 'What is the last name of your best man at your wedding?', 0, 4),
(2, 'seventh', 'What is the first name of your first girlfriend?', 1, 29),
(3, '', 'Where did your girlfriend spend her childhood summers?', 1, 14),
(4, '', 'What is your oldest cousin''s first name?', 0, 18),
(5, 'ninth', 'What is the first name of your first girlfriend?', 0, 13),
(6, 'eighty-second', 'What is the first name of your youngest niece?', 0, 20),
(7, 'seventy-sixth', 'Which phone number do you remember most from your childhood?', 0, 24),
(8, 'second', 'What is your favorite girl name?', 0, 16),
(9, 'sixth', 'What is your favorite holiday?', 0, 2),
(10, 'twenty-seventh', 'What is your favorite season?', 0, 16),
(11, 'twenty-seventh', 'What was the make of your fist bike?', 1, 27),
(12, '', 'What was your grandmother''s occupation?', 1, 6),
(13, 'twenty-third', 'What is the first name of your youngest niece?', 0, 8),
(14, 'ninth', 'What is the first name of the boy or girl that you first kissed?', 1, 19),
(15, 'fifty-ninth', 'What is the name of the street on which you grew up?', 1, 15),
(16, 'ninety-ninth', 'In which city was your mother born?', 1, 23),
(17, 'first', 'What is the first name of your oldest nephew?', 1, 20),
(18, 'eighth', 'What is your favorite dish?', 1, 14),
(19, 'seventh', 'What is your favorite flower?', 1, 2),
(20, 'ninth', NULL, 1, 23),
(21, 'ninth', '', 0, 15),
(22, 'fourth', NULL, 0, 14),
(23, 'ninety-fifth', NULL, 0, 1),
(24, 'eighty-fourth', NULL, 1, 1),
(25, 'ninth', NULL, 1, 7),
(26, 'eighty-seventh', 'What is the first name of your favorite aunt?', 1, 3),
(27, '', '', 0, 6),
(28, 'thirty-fourth', '', 0, 19),
(29, 'fifty-fourth', '', 0, 14),
(30, 'ninety-sixth', '', 1, 23),
(31, 'eighth', 'What is your favorite hair color?', 0, 7),
(32, 'first', 'What is your favorite car manufacturer?', 1, 2),
(33, '', 'What is your partner''s first name?', 1, 30),
(34, 'twenty-third', 'What was your childhood phone number including area code?', 1, 29),
(35, 'second', 'In which city did you get married?', 0, 16),
(36, 'sixth', 'What is your spouse''s middle name?', 1, 15),
(37, 'eighth', 'What is the first name of your oldest niece?', 1, 15),
(38, 'ninety-first', 'What is the first name of your oldest cousin?', 0, 26),
(39, 'first', 'What is your favorite dish?', 0, 1),
(40, 'thirty-sixth', 'What is your favorite day of week?', 1, 16),
(41, 'eighth', 'What is your favorite movie?', 1, 1),
(42, 'first', 'What is the title of your favorite book?', 0, 22),
(43, 'fifth', 'Where did you meet your first girlfriend?', 0, 4),
(44, 'sixth', 'What is your oldest brother''s birthday month and year?', 0, 10),
(45, 'twenty-third', 'Who is your favorite actor?', 0, 3),
(46, 'second', 'What town was your brother-in-law born in?', 1, 25),
(47, 'ninth', 'What is your favorite girl name?', 1, 7),
(48, 'ninth', 'What is your spouse''s middle name?', 0, 19),
(49, 'seventh', 'What is your favorite car brand?', 0, 27),
(50, 'ninth', 'What is your oldest cousin''s last name?', 1, 25);

-- 
-- Dumping data for table sesiones
--
INSERT INTO sesiones VALUES
(1, '00:40:26', '2022-02-12 18:41:05', '2022-02-12 22:25:58', 'The system detected a segment number that was not correct.', 3),
(2, '02:33:19', '2022-01-01 00:09:30', '2022-01-01 00:27:39', 'The local device name is already in use.', 13),
(3, '02:25:33', '2022-02-18 19:29:42', '2022-02-18 20:27:41', 'The storage control blocks were destroyed.', 33),
(4, '00:01:02', '2022-02-19 11:58:26', '2022-02-19 15:21:52', 'The pipe is not local.', 39),
(5, '03:30:23', '2022-01-01 01:27:28', '2022-01-01 03:57:56', 'Operation did not complete successfully because the file contains a virus.', 38),
(6, '00:45:56', '2022-01-01 00:00:06', '2022-01-01 01:50:14', 'This file is checked out or locked for editing by another user.', 28),
(7, '02:03:15', '2022-01-05 12:58:13', '2022-01-05 13:42:14', 'The disk has no volume label.', 28),
(8, '02:48:00', '2022-01-01 01:36:19', '2022-01-01 01:44:43', 'The semaphore is set and cannot be closed.', 46),
(9, '03:58:26', '2022-01-16 01:33:17', '2022-01-16 05:00:18', 'The subsystem needed to support the image type is not present.', 28),
(10, '01:22:00', '2022-01-01 00:00:01', '2022-01-01 03:29:06', 'Reached the end of the file.', 21),
(11, '00:34:18', '2022-02-10 04:31:00', '2022-02-10 04:31:01', 'The semaphore timeout period has expired.', 37),
(12, '02:43:14', '2022-02-02 01:59:53', '2022-02-02 04:38:26', 'The disk is full.', 20),
(13, '03:59:53', '2022-03-19 11:28:28', '2022-03-19 11:48:08', 'The maximum number of sessions has been reached.', 12),
(14, '03:53:23', '2022-01-01 01:26:22', '2022-01-01 04:38:15', 'Cannot nest calls to LoadModule.', 28),
(15, '01:06:26', '2022-01-23 02:45:35', '2022-01-23 05:59:08', 'A network adapter hardware error occurred.', 20),
(16, '00:17:54', '2022-01-27 11:50:28', '2022-01-27 13:47:41', 'Short name settings may not be changed on this volume due to the global registry setting.', 7),
(17, '00:34:58', '2022-04-05 09:03:29', '2022-04-05 12:25:45', NULL, 23),
(18, '00:59:18', '2022-01-27 20:22:50', '2022-01-28 00:00:45', NULL, 4),
(19, '00:23:38', '2022-01-10 19:41:42', '2022-01-10 21:55:00', '', 23),
(20, '01:38:14', '2022-01-01 02:10:09', '2022-01-01 02:23:08', '', 2),
(21, '01:06:21', '2022-01-01 00:10:09', '2022-01-01 02:07:01', 'The system does not support the command requested.', 28),
(22, '01:18:17', '2022-03-21 19:28:58', '2022-03-21 22:13:01', 'The system call level is not correct.', 48),
(23, '01:30:31', '2022-03-27 00:19:54', '2022-03-27 01:56:17', 'The session was canceled.', 32),
(24, '00:01:03', '2022-01-01 00:01:19', '2022-01-01 03:14:21', 'The pipe state is invalid.', 7),
(25, '00:06:47', '2022-02-13 13:39:40', '2022-02-13 16:58:53', 'The media is write protected.', 28),
(26, '02:40:22', '2022-01-13 11:53:09', '2022-01-13 14:31:09', 'Cannot request exclusive semaphores at interrupt time.', 43),
(27, '01:41:34', '2022-04-01 02:29:08', '2022-04-01 03:36:20', 'This function is not supported on this system.', 30),
(28, '00:02:11', '2022-01-01 00:14:03', '2022-01-01 00:58:41', 'A requested file lock operation cannot be processed due to an invalid byte range.', 28),
(29, '01:19:14', '2022-02-16 15:09:03', '2022-02-16 15:52:22', 'The system cannot find message text for message number 0xFF in the message file.', 40),
(30, '00:57:37', '2022-03-07 20:03:20', '2022-03-07 21:52:09', 'The shutdown operation failed.', 30),
(31, '00:01:10', '2022-01-01 00:13:57', '2022-01-01 03:30:52', 'The previous ownership of this semaphore has ended.', 28),
(32, '03:40:52', '2022-01-01 02:40:32', '2022-01-01 05:15:14', 'The mounted file system does not support extended attributes.', 5),
(33, '03:43:54', '2022-03-09 14:27:48', '2022-03-09 17:22:50', 'The system cannot find the device specified.', 36),
(34, '01:26:11', '2022-01-01 01:36:53', '2022-01-01 04:20:23', 'Cannot run a program in Win32 mode.', 18),
(35, '00:11:47', '2022-02-15 23:26:42', '2022-02-16 02:30:08', NULL, 17),
(36, '00:01:04', '2022-03-28 14:55:10', '2022-03-28 16:11:34', 'The signal being posted is not correct.', 9),
(37, '00:07:17', '2022-04-01 16:52:45', '2022-04-01 18:44:42', 'The system tried to delete the JOIN of a drive that is not joined.', 26),
(38, '03:44:31', '2022-03-28 15:51:11', '2022-03-28 19:09:16', '', 5),
(39, '00:40:11', '2022-01-28 19:43:00', '2022-01-28 23:02:17', 'The disk is in use or locked by another process.', 31),
(40, '00:01:25', '2022-04-01 21:10:06', '2022-04-01 22:55:55', 'The printer is out of paper.', 45),
(41, '01:29:02', '2022-01-01 00:01:30', '2022-01-01 00:26:12', 'A signal is already pending.', 15),
(42, '00:25:41', '2022-02-28 18:38:18', '2022-02-28 20:39:51', 'Too many dynamic-link modules are attached to this program or dynamic-link module.', 20),
(43, '03:34:15', '2022-01-01 01:31:32', '2022-01-01 03:16:01', 'The name limit for the local computer network adapter card was exceeded.', 49),
(44, '00:02:27', '2022-01-03 16:35:44', '2022-01-03 19:03:58', 'The printer queue is full.', 26),
(45, '02:14:38', '2022-04-02 22:15:58', '2022-04-03 01:24:19', NULL, 50),
(46, '02:19:01', '2022-04-02 21:25:41', '2022-04-02 23:30:21', 'The network BIOS command limit has been reached.', 2),
(47, '01:42:41', '2022-01-01 00:01:05', '2022-01-01 02:28:43', 'Data error.', 34),
(48, '02:54:47', '2022-01-09 22:05:15', '2022-01-09 23:57:28', 'A write fault occurred on the network.', 34),
(49, '02:53:55', '2022-03-25 16:59:08', '2022-03-25 20:34:52', '', 45),
(50, '00:41:54', '2022-01-29 16:44:03', '2022-01-29 19:31:15', 'Too many semaphores are already set.', 42);

-- 
-- Dumping data for table recordatorios
--
INSERT INTO recordatorios VALUES
(1, '2021-01-02', '07:00:02', 'In any case, we can drastically change the mechanism of the specific action result.', 18),
(2, '2021-05-27', '11:21:08', 'But other than that, the pursuance of set of system properties the existing network the risks of the primary element.', 1),
(3, '2021-11-06', '20:25:25', 'As a matter of fact, core concept of the treatment may share attitudes on the vital decisions.', 46),
(4, '2021-02-12', '08:40:13', 'That is to say the strategic decisions can partly be used for the design aspects.', 11),
(5, '2021-02-18', '07:00:04', 'However, discussions of the grand strategy represents opportunities for the set of related commands and controls.', 37),
(6, '2021-04-07', '12:23:44', 'Besides, the basic layout for dimensions of the development process  should focus on the matrix of available.', 6),
(7, '2022-01-21', '18:48:42', 'Whatever the case, the example of the corporate asset growth cannot be developed under such circumstances.', 20),
(8, '2021-12-06', '18:42:25', 'In any case, core concept of the skills provides benefit from the primary element.', NULL),
(9, '2022-03-16', '21:51:05', 'That is to say the pursuance of resource management stimulates development of the strategic decisions.', 22),
(10, '2021-01-23', '14:06:23', 'Let''s consider, that the fundamental problem and growth opportunities of it are quite high.', 32),
(11, '2022-03-13', '07:09:49', 'It may reveal how the efficient decision seemingly the final draft.', 10),
(12, '2021-12-26', '15:21:55', 'Fortunately, cost of the essential component offers good prospects for improvement of the preliminary action plan.', 16),
(13, '2021-05-24', '07:00:58', 'To be quite frank, the progress of the essential component ensures integrity of the operating speed model.', 6),
(14, '2021-07-14', '17:30:52', 'Up to a certain time, a number of the skills becomes extremely important for the individual elements.', NULL),
(15, '2021-06-01', '11:08:55', 'To be honest, with help of the arguments and claims would facilitate the development of this user interface.', NULL),
(16, '2021-08-10', '07:13:13', 'Under the assumption that cost of the essential component manages to obtain the conceptual design.  ', 13),
(17, '2021-09-06', '09:23:33', 'To straighten it out, the point of the deep analysis seems to be suitable for the corporate competitiveness.  ', 43),
(18, '2022-04-07', '07:34:40', 'Up to a certain time, components of the dominant cause of the bilateral act has a long history of the entire picture.  ', 8),
(19, '2021-11-26', '10:56:45', 'The main reason of the development process  is to facilitate the major outcomes.', 28),
(20, '2021-11-25', '10:59:39', 'Curiously, elements of the criterion is regularly debated in the light of the content strategy.', 34),
(21, '2021-06-07', '07:16:33', 'To be quite frank, the framework of the critical thinking is regularly debated in the light of the questionable thesis.', 26),
(22, '2021-08-26', '09:07:36', 'This may be done through the ground-breaking technology.', 45),
(23, '2022-02-21', '15:48:18', 'In any case, we can instantaneously change the mechanism of the entire picture.', 15),
(24, '2021-12-16', '07:00:08', 'Thus, each of the treatment ensures integrity of the matters of peculiar interest or the constructive criticism.', 45),
(25, '2021-01-18', '20:41:50', 'However, any ability bias requires urgent actions to be taken towards the continuing software doctrine.', 10),
(26, '2022-01-26', '16:46:58', '', 44),
(27, '2021-05-04', '15:54:31', 'In particular, any further consideration easily illustrates the utter importance of the irrelevance of approach.  ', 6),
(28, '2021-01-01', '12:16:04', 'However, after the completion of the outline design stage the overall scores.', NULL),
(29, '2021-04-10', '13:59:12', '', 28),
(30, '2021-07-25', '07:03:21', 'In plain English, the network development minimizes influence of the emergency planning.', 25),
(31, '2021-02-09', '07:00:01', 'It is obvious, that the total volume of the mechanism remains the crucial component of the technical terms.', NULL),
(32, '2021-09-15', '07:01:40', 'Let it not be said that a closer study of the development sequence reveals the patterns of the task analysis.', 11),
(33, '2022-02-01', '16:42:24', 'Let''s consider, that the valuable information and growth opportunities of it are quite high.', 8),
(34, '2021-02-03', '07:00:40', 'It is obvious, that the condition of the mechanism the goals and objectives.', 8),
(35, '2021-09-20', '12:11:23', 'Everyone understands what it takes to what can be classified as the strategic planning the feedback system.', 26),
(36, '2021-06-23', '07:06:37', 'Frankly speaking, the utilization of the skills should focus on this matrix of available.', 28),
(37, '2021-01-10', '08:48:00', 'In the meantime violations of the mechanism should focus on the entire picture.', 5),
(38, '2022-03-08', '14:52:26', 'Consequently, the negative impact of the constructive criticism the increasing growth of technology and productivity.', 20),
(39, '2021-08-31', '13:51:33', 'However, a significant portion of the key factor boosts the growth of the source of permanent growth.', 18),
(40, '2022-02-19', '07:00:10', 'That being said, the raw draft of the best practice patterns provides a prominent example of the grand strategy.', 6),
(41, '2021-03-22', '21:59:51', 'The main reason of the design patterns is to facilitate the more individual elements of the driving factor.', 4),
(42, '2021-09-01', '13:17:19', 'We must be ready for task analysis and functional testing investigation of the network development.', 26),
(43, '2021-04-14', '19:37:07', 'Besides, a lot of effort has been invested into the outline design stage.', 42),
(44, '2021-10-28', '07:01:21', 'On top of that any further consideration combines the functional programming and the irrelevance of proportion.  ', NULL),
(45, '2021-01-07', '08:47:39', 'The public in general tend to believe that segments of the criterion should help in resolving present challenges.', 7),
(46, '2021-11-10', '07:01:44', 'For instance, a number of the essence may motivate developers to work out the principles of effective management.', 18),
(47, '2021-04-14', '07:05:01', 'Otherwise speaking, any further consideration should focus on the positive influence of any significant improvement.  ', NULL),
(48, '2021-03-12', '07:00:07', '', NULL),
(49, '2021-12-31', '11:26:18', '', NULL),
(50, '2021-04-30', '13:09:52', '', NULL);

-- 
-- Dumping data for table productos_a_obtener
--
INSERT INTO productos_a_obtener VALUES
(11, 1, 'Vel accusantium perspiciatis. Voluptatem explicabo est. Consequatur assumenda expedita. Quis iure iste. Quas et quidem. Cumque perspiciatis ullam. Omnis aspernatur quidem? Aliquam vero reprehenderit. Est at voluptatem.\r\nRerum voluptas.'),
(21, 2, 'Et qui dolor laborum iste. Et nulla facilis dolor cum debitis sit atque. Quia recusandae blanditiis sit perspiciatis doloribus sit; sed cumque nisi adipisci enim molestiae ut porro. Et quod modi! Et sit ex.'),
(7, 3, 'Voluptatem nihil odit; ea autem sit. Cumque voluptatem unde! Rerum sed officia.\r\nVoluptatem fugiat eos. Ducimus eos id. Beatae dolor architecto. Veniam consequuntur quis. Unde non nihil; mollitia eos natus.\r\n'),
(9, 4, 'Natus necessitatibus qui magnam, non beatae amet vitae odio beatae. Velit iusto architecto laborum dolor...\r\nId sed recusandae ducimus voluptate sed. Labore exercitationem aut et. Quasi fuga quasi. Suscipit odit est.'),
(19, 5, 'Error ipsam et. Ut non est vitae officiis non facilis, deleniti et quis. Dolorum cum omnis et esse fugiat et corporis nisi aut.'),
(23, 6, 'In sed eum. Voluptatem doloribus placeat? Possimus culpa voluptas. Sit enim est. Natus dolor aliquam! Qui numquam et; ab adipisci debitis. Error quod labore.\r\nCommodi provident consequuntur. Tempora deserunt asperiores;'),
(8, 7, 'Voluptates consectetur delectus. Porro perspiciatis voluptatem. Ullam voluptatem saepe. Dolor fuga ut. Consequatur et consequatur; ab maiores tempore. Odio id harum. Quia itaque ipsa.\r\nUt aut perspiciatis. Aliquam non et;\r\n'),
(12, 8, 'Vitae sint sit; sit praesentium sit? Et quis quia. Velit iste sapiente; at et voluptatem? Expedita velit sit! Natus dolore temporibus? Sit iure repudiandae! Harum quod earum. Cum harum sint.\r\n'),
(18, 9, 'Voluptates omnis quae veritatis sapiente dolores. Ad doloremque dolorem est incidunt quia minus. Iste eaque reiciendis qui molestias tempora ut sed! Qui molestiae doloribus. Eos voluptates laudantium. Obcaecati voluptatem odio.'),
(5, 10, 'Maxime aut obcaecati odio dolorum. Magnam velit rerum, est aut praesentium est unde temporibus atque! Rem sit molestiae; numquam illo aut; eum id ipsam. Quo ullam et...\r\nTotam impedit tempora.'),
(10, 11, 'Sed quaerat suscipit hic. Architecto omnis sequi consequatur iusto odio tenetur accusamus omnis iste! Enim culpa aliquid? Eum rem ad; nostrum quia velit. Quia nihil dolorum. Quia commodi laudantium!\r\nNon repudiandae odit.'),
(17, 12, 'Non fugit voluptatem. Voluptatem iste maiores? Cupiditate voluptas magnam!\r\nLabore et harum; incidunt sit sapiente. Unde obcaecati est! Perspiciatis magni consequatur. Rerum molestias quia! Cumque quasi non? Molestias et corporis!\r\n'),
(3, 13, 'Laborum explicabo odio perspiciatis similique. Sunt enim quia sit. Quidem expedita voluptates quas perspiciatis tempora corporis maiores. Laborum omnis a porro dolor facere eos facilis omnis! Eligendi exercitationem rerum. Ut natus autem!'),
(6, 14, 'Dolorem tempore aut. Qui quia tempora. Eveniet ea sit; quibusdam voluptatem iusto. Placeat quia pariatur; minima aut qui? Soluta quaerat dicta. Sint nihil est. Quo aut vitae.\r\nConsequatur quos saepe.\r\n'),
(27, 15, 'Aliquam optio ut. Libero dolorem hic. Perspiciatis ea aliquid. Facere illum sit. Vero unde ut. Non dolore quas. Vitae dolorum sint...\r\nQuidem quos aspernatur. Maiores reprehenderit fugit. Error maxime sint;\r\n'),
(30, 16, 'Ducimus quia reprehenderit; in a aut. Doloremque soluta quia! Ut eos dignissimos. Unde quas omnis; quia odio ut. Ut deleniti dolorum.\r\nNon perspiciatis et. Velit non quibusdam. Autem eum odio.'),
(4, 17, 'Sint iste doloremque corporis quia ipsam a. Et error ipsam qui adipisci. Consequuntur veritatis nulla. Minus esse quo qui nihil voluptas ullam necessitatibus quia velit.'),
(25, 18, 'Nobis aperiam ipsa. Quidem id pariatur. Dignissimos voluptatum unde! Laborum assumenda mollitia; error et laboriosam. Animi tempora facere! Quia nulla optio. Ut omnis possimus; et reiciendis ipsum? Ab ipsum sit!\r\n'),
(28, 19, 'Iusto et nihil quibusdam. Nemo aut consequatur quas non. Minus quis dolor vero sapiente? Et est ut. Molestias ut quasi sit aperiam ut error asperiores error aut.'),
(2, 20, 'Est modi voluptas. Provident est eaque! Quibusdam eum non? Eos ullam et! Qui perferendis illo. Ratione ut nihil.\r\nVoluptas accusamus incidunt. Non cumque beatae. Inventore vitae sed! Iusto ut deserunt.'),
(20, 21, 'Cupiditate dolores id. Labore et eius? Quis nemo ratione!\r\nVoluptatem quae non.\r\nUt facilis vel. Neque voluptates eligendi! Natus vel omnis. Ut quisquam explicabo? Eos et ad. Molestiae nemo id?'),
(29, 22, 'Ex molestias possimus mollitia obcaecati aut numquam. Vel asperiores quia unde neque! Minus sed non dolore error qui perspiciatis omnis. Iste voluptatem error quisquam natus! Quia fugit omnis placeat quae sit...'),
(15, 23, 'Animi voluptatem ipsa similique alias, et reprehenderit iste cum quam.'),
(22, 24, 'Illum recusandae facere. Eligendi in qui. Neque quia et! Aut tempora similique. Error eum minus? Nemo unde aut. Est voluptas quae. Quisquam voluptatem harum.\r\nPorro nihil architecto. Nam quasi perferendis.\r\n'),
(26, 25, 'Dolores ad iusto ullam ad ipsa voluptas. Earum quis dolorem! Inventore sunt esse corporis provident quaerat cum reprehenderit. Eveniet natus magni. Autem dolorem laborum; saepe atque et. Non dolorum fugit?'),
(14, 26, 'Illo placeat commodi. Natus qui unde.\r\nQui reprehenderit nemo. Laboriosam alias exercitationem! Qui omnis aspernatur? Voluptatem delectus ut. Aliquam debitis sit. Ipsum incidunt sit! Aperiam ab ut. Veniam et sint?'),
(16, 27, 'Excepturi magnam repellendus ipsa illo tempore. Vel fugit possimus. Atque ea illo! Consectetur molestiae repudiandae. Assumenda nostrum reprehenderit; sint sed adipisci. Quisquam aliquam eaque. Fugit magnam omnis; accusantium qui libero?'),
(24, 28, 'Porro a nihil. Pariatur perspiciatis omnis. Eaque facere facilis? Iure fugit est. Ab sed dolor.\r\nVoluptate rerum distinctio. Architecto culpa error. Aut impedit recusandae. Libero dignissimos ea. Est ducimus ea.'),
(1, 29, 'Ab iste in. Autem dicta ab. Qui veniam enim! Quos eos dolore. Voluptatem voluptates natus. Sed ut beatae!\r\nNatus laborum accusantium. Ab eligendi optio. Error laudantium et. Optio aut voluptatem.'),
(13, 30, '');

-- 
-- Dumping data for table objetivos_en_hitos
--
INSERT INTO objetivos_en_hitos VALUES
(11, 1, 1),
(3, 2, 1),
(21, 2, 2),
(26, 3, 1),
(6, 3, 2),
(7, 3, 3),
(14, 4, 2),
(27, 4, 3),
(9, 4, 4),
(16, 5, 3),
(30, 5, 4),
(19, 5, 5),
(24, 6, 4),
(4, 6, 5),
(23, 6, 6),
(1, 7, 5),
(25, 7, 6),
(8, 7, 7),
(13, 8, 6),
(28, 8, 7),
(12, 8, 8),
(2, 9, 8),
(18, 9, 9),
(20, 10, 9),
(5, 10, 10),
(29, 11, 10),
(10, 11, 11),
(15, 12, 11),
(17, 12, 12),
(22, 13, 12);

-- 
-- Dumping data for table instrucciones
--
INSERT INTO instrucciones VALUES
(11, 1, 'Impedit consequatur voluptas. Labore voluptas omnis. Quo voluptas est. Illum et voluptatem! Sed consequatur dolores. Eum qui sapiente! Molestiae ut neque.\r\nEt voluptatem doloremque. Laudantium illum itaque. Non error et.\r\n'),
(21, 2, 'Iusto beatae aut ut molestias amet provident. Tempora sint aut. Molestiae accusantium provident ut enim rerum in eos ad omnis? Iste quibusdam et veritatis earum distinctio explicabo veritatis. Delectus ut sed? Labore quis animi!'),
(7, 3, 'Quia eos suscipit. Animi laboriosam natus. Perferendis nihil aut. Sed dolor ut. Iste nihil dolor? Exercitationem ex et.\r\nCumque non ratione; rerum voluptates aut. Aut accusantium odit! Dolores et non;\r\n'),
(9, 4, 'Quidem minima fuga quae in; blanditiis molestiae et? Ea sunt eos! Reiciendis eveniet error. Et maxime provident. Vero quibusdam blanditiis; perspiciatis ipsam magni. Impedit qui voluptatibus. Assumenda fugiat sequi! Voluptatem eos commodi.'),
(19, 5, 'Hic adipisci sunt. Sint aliquam ut. Praesentium illum officia. Id cumque vitae. Soluta sunt ipsa! Est sed est. Autem quaerat ad.\r\nIpsam est quaerat. Aut ut cum! Illum omnis alias.'),
(23, 6, 'Nesciunt numquam omnis laudantium unde non mollitia fugit ut. Ex sit ut, nemo beatae est omnis neque obcaecati itaque; voluptas veniam cupiditate. Non recusandae hic. Quam doloribus aut. Non voluptatem porro. Placeat voluptatem quo.'),
(8, 7, 'Ratione voluptatem sit. Vero adipisci enim! Quia deserunt voluptatibus. Qui est nemo. Ipsam quaerat ea. Omnis repellendus quia? Enim sit error. Cupiditate dolorum et. Adipisci unde voluptatem.\r\nUt est nemo;\r\n'),
(12, 8, 'Minima beatae voluptatem. Est qui voluptatem. Ut deleniti voluptatem. Voluptatum nisi sit. Sunt aut et! Quia ea nulla. Earum voluptatem sed. Assumenda voluptatem dolorum.\r\nPlaceat suscipit similique; commodi omnis sit.'),
(18, 9, 'Dolor molestias itaque minima error sit et ut, iste nemo.'),
(5, 10, 'Facere eos consequuntur. Quam et aliquid; laborum voluptas ut. In id perspiciatis; reprehenderit corrupti est. Corrupti aliquid et. Sit eaque ipsa. Totam sapiente omnis.\r\nUt rerum autem. Provident velit nemo.'),
(10, 11, 'Rerum quasi velit. Tempora corrupti quidem! Aut omnis tempore. Aspernatur aut qui. Possimus omnis dolore? Qui porro doloremque! Ut non repellat. Adipisci accusamus quas! Vitae cumque et. Quos repellat consequatur.\r\n'),
(17, 12, 'Molestiae aliquid odit. Quia sed facere ut aperiam non! Est magnam consequatur expedita. Ipsam ut in quasi reprehenderit error incidunt et quibusdam sit. Aut omnis molestiae deleniti nam autem? Quos unde aperiam...'),
(3, 13, 'Quidem est commodi. Dolorem adipisci ullam quidem et. Accusamus repellat at est nihil exercitationem. Iure quas id. Sunt non voluptas sed illum. Quasi esse molestias. Vero voluptates quia. Voluptas voluptatem sed.'),
(6, 14, 'Id qui at. Veritatis ut non! Saepe aliquam nihil...\r\nEt eum exercitationem. Ut aut voluptas. Consequuntur est sequi! Voluptate pariatur laudantium; accusantium repellendus iste? Vitae laborum itaque. Omnis possimus cumque?\r\n'),
(27, 15, 'Aut numquam earum minima, aspernatur incidunt omnis facere sequi eius. Quia ut doloribus maiores est qui molestias qui commodi doloremque.'),
(30, 16, ''),
(4, 17, 'Non voluptatem error ut. Autem consequatur et fugiat amet ex esse labore! Nam eveniet inventore. Vel nesciunt neque atque ut unde sed.\r\nCupiditate ducimus et. Sed accusantium vitae. Dolorem maxime cum. Sed ut consequatur.'),
(25, 18, 'Repellendus et aut; nulla quae voluptates. Rerum voluptatem neque; architecto est voluptate...\r\nNam reiciendis iste. Sit aut quia. Enim error vel. Ullam ut magnam! Beatae ut sit. Necessitatibus et similique.\r\n'),
(28, 19, 'Necessitatibus voluptates voluptatem ad eligendi non eos. Ut accusamus tenetur laboriosam sed quisquam non sit voluptatem.\r\nEt impedit sed perspiciatis maxime; ad et vel qui ipsum laudantium rem voluptatem labore.'),
(2, 20, 'Qui ut quod. Quasi sed magni. Temporibus magnam animi! Sed vel consectetur. Placeat sed qui. Qui voluptas fuga. Voluptatem mollitia debitis!\r\nSint facilis nulla; aut eos magni. Unde est in!'),
(20, 21, 'Ut quas voluptates. Nisi est adipisci. Ipsam quo sed; tempore dolorem fugiat; esse voluptatem et; explicabo ab totam; sed non ratione. Quasi dolor incidunt.\r\nNulla unde et. Aut voluptatem soluta!\r\n'),
(29, 22, 'Maxime qui et. Nesciunt corrupti voluptatem? Vero similique voluptatem. Omnis molestias impedit. Id fugit neque! Consequatur et dolorem.\r\nNon qui dolores. Eius aliquid dolor; vel dolor voluptatem. Quod suscipit dolor;'),
(15, 23, 'Excepturi molestiae odit. Labore officiis iusto officia quibusdam unde enim cum dolore minus. Veniam exercitationem quasi voluptas eligendi, nihil ut voluptas eos libero.'),
(22, 24, 'Quis hic omnis nesciunt est. Animi quis eum labore impedit natus in quia sit? Ipsam itaque debitis quibusdam libero. Perferendis enim ratione! Voluptas sed maxime quibusdam repudiandae labore. Deserunt ipsa enim.'),
(26, 25, 'Ratione ut recusandae voluptates. Aspernatur dolor eos cumque commodi provident quia et! Aperiam incidunt et deserunt sit. Natus tenetur quo. Nostrum perspiciatis qui; voluptas velit porro. Laborum sint laborum!\r\nUt consequuntur qui...'),
(14, 26, 'Saepe non vero. Ea culpa adipisci. Aperiam dicta saepe! Eum sunt est; similique unde itaque. Doloremque quasi quis...\r\nUllam quia odit. Sit eum ullam. Repudiandae omnis dolores! Vitae placeat et.\r\n'),
(16, 27, 'Modi perspiciatis ea aut labore eaque...\r\nError sed quo minus repellendus et quo tempore. Totam molestiae unde tempore.\r\nObcaecati impedit nemo debitis voluptatibus animi officiis. Veniam quaerat beatae. Et consequuntur ut! Porro enim minus...'),
(24, 28, 'Ut minima deserunt. Quod placeat et. Rerum qui fugiat. Facere commodi vel. Porro esse possimus. Facilis vitae consequatur! Vel aliquid explicabo? Unde quis consectetur.\r\nSed repellendus alias. Amet accusamus cumque.\r\n'),
(1, 29, 'Cumque facilis quod. Voluptatibus magnam commodi! Voluptatem rerum quisquam; nesciunt velit provident. Hic dicta tempore. Sint modi unde. Voluptatem sed a. Impedit fugit qui? Nesciunt enim explicabo.\r\nUt incidunt voluptatibus;'),
(13, 30, 'Iusto iste eaque; eos ut porro. Esse culpa debitis.\r\nSed et dicta. Obcaecati iste est. Vero est natus. Nam assumenda omnis. Culpa non sit. Voluptas sint voluptas. Eaque excepturi eum.');

-- 
-- Restore previous SQL mode
-- 
/*!40101 SET SQL_MODE=@OLD_SQL_MODE */;

-- 
-- Enable foreign keys
-- 
/*!40014 SET FOREIGN_KEY_CHECKS = @OLD_FOREIGN_KEY_CHECKS */;